,precision,recall,f1-score,support
0,0.9132521225544481,0.9682974559686889,0.9399696048632219,2555.0
1,0.7545454545454545,0.5144628099173554,0.6117936117936118,484.0
accuracy,0.8960184271141823,0.8960184271141823,0.8960184271141823,0.8960184271141823
macro avg,0.8338987885499514,0.7413801329430221,0.7758816083284168,3039.0
weighted avg,0.8879760359087248,0.8960184271141823,0.8877033394319315,3039.0
