,precision,recall,f1-score,support
0,0.9670371789957838,0.9874755381604696,0.97714949651433,2555.0
1,0.9255813953488372,0.8223140495867769,0.8708971553610504,484.0
accuracy,0.9611714379730174,0.9611714379730174,0.9611714379730174,0.9611714379730174
macro avg,0.9463092871723104,0.9048947938736233,0.9240233259376902,3039.0
weighted avg,0.9604348100306236,0.9611714379730174,0.960227438890708,3039.0
